question,answer
"How would you compare and contrast the trade-offs between interpretability and accuracy when utilizing deep neural networks in machine learning models, and how can these challenges be addressed to ensure transparency and reliability in decision-making systems?","When utilizing deep neural networks in machine learning models, there are trade-offs between interpretability and accuracy.

Interpretability refers to the ability to understand and explain the decision-making process of a model. It involves having insights into the features and patterns that are considered important by the model, and understanding the reasoning behind its predictions. On the other hand, accuracy refers to how well the model can make correct predictions or classifications.

Deep neural networks, with their complex architectures and large number of parameters, have shown remarkable accuracy in various tasks such as image recognition, natural language processing, and speech recognition. However, they tend to be less interpretable compared to other algorithms such as decision trees or linear models. This lack of interpretability arises from the intricate and non-linear computations occurring within the hidden layers of deep neural networks, making it difficult to track the contribution of individual features to the final prediction.

The trade-off between interpretability and accuracy is important in various real-world applications. For example, in healthcare, interpretability is crucial to understand the reasons behind a diagnosis or a treatment recommendation. In finance, interpretability is necessary to comprehend the factors that influence loan approvals or stock market predictions. However, in some domains like image recognition, accuracy may be prioritized over interpretability since understanding the specific features that led to a particular classification may not be as critical.

To address the challenge of interpretability in deep neural networks, several techniques have been developed:

1. Model Simplification: By simplifying complex deep neural network architectures, such as reducing the number of hidden layers or nodes, the resulting models may become more interpretable. However, this simplification process may come at the cost of reduced accuracy.

2. Visualization: Techniques like activation maximization can be used to visualize the patterns and features the model deems important. These visualizations can provide insights into the learned representations and contribute to interpretability.

3. Local Explanations: Methods like LIME (Local Interpretable Model-Agnostic Explanations) can provide explanations for individual predictions by approximating the behavior of the model around a specific instance. These methods generate simpler, interpretable models around the prediction of interest.

4. Rule Extraction: Deep neural networks can be used as black-box models from which interpretable rules can be extracted. Various rule extraction algorithms aim to extract symbolic rules that mimic the behavior of the neural network, providing transparency while sacrificing some accuracy.

5. Layer-wise Relevance Propagation: This technique aims to attribute the relevance of the input features to the final prediction by propagating this relevance back through the layers of the network. It helps in understanding which features contribute most to the model's decision-making process.

To ensure transparency and reliability in decision-making systems, a combination of interpretability and accuracy is desirable. While sacrificing some accuracy for the sake of interpretability may be necessary in domains where transparency is vital, efforts should be made to strike a balance between the two. Additionally, the documentation and reporting of the model's behavior, underlying assumptions, and limitations play an important role in ensuring transparency and reliability. Regulations such as the European Union's General Data Protection Regulation (GDPR) also emphasize the right to explanation, pushing for further advancements in interpretable machine learning models.

In conclusion, the trade-offs between interpretability and accuracy when using deep neural networks are important to consider in various applications. Techniques like model simplification, visualization, local explanations, rule extraction, and layer-wise relevance propagation can help address the challenge of interpretability. Striking a balance between interpretability and accuracy, along with transparent reporting, documentation, and adherence to regulations, can ensure transparency and reliability in decision-making systems."
"How can the integration of explainability techniques, such as interpretable feature selection and rule extraction, mitigate the black-box nature of deep learning models, thereby promoting trust and transparency in the decision-making process of autonomous systems?","Deep learning models are known for their high predictive accuracy, but they often suffer from a black-box nature. This means that it can be challenging to understand and interpret the reasons behind their decisions. However, in certain domains like healthcare, finance, and autonomous systems, it is crucial to have trust and transparency in the decision-making process. To address this issue, the integration of explainability techniques, such as interpretable feature selection and rule extraction, can help mitigate the black-box nature of deep learning models and promote trust and transparency in the decision-making process of autonomous systems.

Interpretable feature selection techniques play a vital role in making deep learning models more transparent. These techniques aim to identify and select the most relevant features or variables that contribute to the model's decision-making. By understanding which features are given more importance by the model, we can gain insights into the decision process. Interpretable feature selection can help identify influential factors in the model's decision, which can subsequently be used to explain its reasoning to users or stakeholders. For instance, in autonomous driving, if the model prioritizes certain image features like lane markers or pedestrian detection for making decisions, it can help build trust in the system.

Rule extraction techniques also aid in explaining the decision-making process of deep learning models. These methods extract human-interpretable rules from the complex structure of the deep learning model. These rules can provide insights into the decision boundaries learned by the model. By having a set of interpretable rules explaining the model's behavior, users can understand the reasoning behind specific decisions. For example, in a medical diagnosis system, if a deep learning model extracts rules like ""if blood pressure is high and cholesterol is elevated, then classify the patient as high-risk for heart disease,"" it not only helps doctors understand the model's decision but also improves transparency, trust, and acceptance of the system.

By combining interpretable feature selection and rule extraction techniques, we can provide a higher level of transparency and trust in the decision-making process. These techniques allow users to understand the factors and rules guiding the model's decisions, which is crucial when deploying autonomous systems in critical applications. They also help in identifying biases or undesirable behavior of the model, which is essential for fair decision-making.

Promoting trust and transparency in the decision-making process of autonomous systems has several benefits. It allows users to assess the reliability of the model, understand its limitations, and make informed decisions based on the model's output. Moreover, it helps build regulatory compliance by providing explanations for decisions, as some legal frameworks require transparency in certain domains.

In summary, the integration of explainability techniques such as interpretable feature selection and rule extraction can mitigate the black-box nature of deep learning models in autonomous systems. These techniques provide insights into the decision-making process, promote trust, and increase transparency by enabling users to understand the factors and rules guiding the model's decisions."
"Can machine learning models accurately predict the stock market movements by analyzing historical financial data, and if so, what factors significantly impact the accuracy of these predictions?","Machine learning (ML) models have shown promise in predicting stock market movements by analyzing historical financial data. However, accurately predicting stock market movements is a complex task due to the inherent volatility and random nature of financial markets. While ML models may provide useful insights, it is important to understand their limitations and the factors that significantly impact the accuracy of their predictions.

1. Data Quality: The accuracy and reliability of predictions depend on the quality and integrity of the historical financial data used to train the ML models. Missing or incorrect data, outliers, noise, or biased data can affect the model's performance and lead to inaccurate predictions.

2. Feature Selection: Selecting relevant features is crucial for accurate predictions. ML models need to consider a wide range of financial indicators such as price movements, trading volumes, volatility measures, fundamental analysis metrics, and macroeconomic factors. Determining the most relevant features and combining them effectively is challenging and requires domain expertise.

3. Model Selection and Training: Choosing an appropriate ML model is crucial. Models like regression, decision trees, random forests, support vector machines, or neural networks are commonly used. It is essential to experiment with different models, optimize their hyperparameters, and validate their performance using suitable evaluation techniques.

4. Market Complexity: Financial markets are influenced by a complex interplay of factors, including economic indicators, news sentiment, geopolitical events, market psychology, and investor sentiments. ML models often struggle to capture the nuances and interdependencies of these factors accurately. Building models that can incorporate such complexity while avoiding overfitting is an ongoing challenge.

5. Non-Stationarity: Financial markets are dynamic and exhibit non-stationary behavior. This means that patterns and trends observed in historical data may not necessarily hold true in the future. ML models need to adapt to changing market conditions and incorporate mechanisms to account for non-stationarity, such as using rolling windows or updating models regularly.

6. Black Swan Events: Unexpected, disruptive events like economic crises or natural disasters can significantly impact the stock market. Such events are challenging to predict accurately since they are often infrequent and unique. It is difficult for ML models to account for these events based solely on historical data. Incorporating external data sources or sentiment analysis techniques to capture breaking news events might help improve predictions.

7. Overfitting and Generalization: ML models can sometimes overfit the training data, meaning they become too specialized in predicting historical patterns and fail to generalize well on unseen data. Regularization techniques, cross-validation, and ensemble methods can help mitigate overfitting issues and improve the model's generalization ability.

In conclusion, while ML models can provide valuable insights for stock market prediction, accurately forecasting market movements remains a complex task. The accuracy of these predictions is significantly impacted by factors such as data quality, feature selection, model selection, market complexity, non-stationarity, black swan events, and the risk of overfitting. Continuous research, refinement, and incorporating a holistic understanding of market dynamics are essential for improving the accuracy of ML-based stock market predictions."
How can machine learning algorithms effectively adapt to dynamic and uncertain environments in order to improve decision-making accuracy and efficiency?,"Machine learning algorithms can effectively adapt to dynamic and uncertain environments by employing various techniques and strategies. Here are some key approaches that help improve decision-making accuracy and efficiency in such scenarios:

1. Online learning: Traditional machine learning algorithms require training on fixed datasets before making predictions. In contrast, online learning algorithms adapt continuously by updating the model as new data becomes available. This approach enables the algorithm to dynamically adapt to changes in the environment and improve decision-making accuracy over time.

2. Reinforcement learning: In dynamic environments, where the algorithm interacts with an external environment, reinforcement learning is particularly effective. It uses a trial-and-error approach, where an agent explores the environment, learns from the feedback it receives, and adjusts its decision-making policy accordingly. Through continuous exploration and exploitation, the algorithm can adapt to uncertain and changing environments, leading to improved decision-making.

3. Transfer learning: Transfer learning leverages knowledge gained from previous tasks or domains to improve decision-making in the current environment. By transferring relevant experience, the algorithm can bootstrap learning and reduce the time required to adapt to new situations or uncertain data. This approach helps to improve decision-making accuracy and efficiency, especially when labeled data is limited or costly to obtain.

4. Ensemble methods: Ensemble methods combine the predictions of multiple machine learning models to generate a more accurate and robust decision. In dynamic and uncertain environments, ensembles can be constructed using a diverse set of models or by updating the ensemble members periodically. This allows the algorithm to adapt to new patterns or emerging trends, making decisions based on the collective knowledge of multiple models.

5. Active learning: Active learning empowers machine learning algorithms to interactively query the user or domain expert for labels on the most informative data points. By selectively sampling the most uncertain or ambiguous samples, the algorithm actively seeks clarification on crucial instances, thereby improving decision-making accuracy. This approach is particularly useful in uncertain environments where labeled data is limited or costly to acquire.

6. Bayesian approaches: Bayesian methods provide a principled framework to handle uncertainty in decision-making. By representing uncertain beliefs as probability distributions, Bayesian models can quantify the uncertainty associated with different decisions or predictions. These models can be updated using new data, allowing the algorithm to adapt to evolving environments and update its beliefs accordingly. Bayesian approaches provide decision-making with more robustness and reliability in dynamic and uncertain scenarios.

In summary, by leveraging online learning, reinforcement learning, transfer learning, ensemble methods, active learning, and Bayesian approaches, machine learning algorithms can effectively adapt to dynamic and uncertain environments. These techniques enhance decision-making accuracy and efficiency by allowing the algorithm to learn from new data, account for uncertainties, and react to changes in the environment."
"How can unsupervised machine learning algorithms be leveraged to effectively detect and classify anomalous patterns in large, multi-dimensional datasets, with a focus on maximizing accuracy and minimizing false positives?","Unsupervised machine learning algorithms can be utilized to effectively detect and classify anomalous patterns in large, multi-dimensional datasets by leveraging their ability to learn from the data without the need for labeled examples. This allows them to detect patterns, similarities, and discrepancies in the data that might not be immediately apparent to humans.

To maximize accuracy and minimize false positives, several key steps can be taken:

1. Data preprocessing: It is crucial to preprocess the dataset before applying any unsupervised algorithm. This includes handling missing values, normalization, and scaling the data to ensure fair comparisons of the different dimensions and features. Preprocessing also involves removing outliers that can disproportionately affect the analysis.

2. Feature selection or dimensionality reduction: Since large datasets often have numerous dimensions, it is necessary to reduce the dimensionality of the data to improve efficiency and accuracy. Techniques like Principal Component Analysis (PCA) or t-SNE can be applied to extract the most relevant features or transform the data into a lower-dimensional space while preserving the structure and variability of the original dataset.

3. Choosing an appropriate algorithm: Different unsupervised machine learning algorithms can be employed for anomaly detection and classification, such as clustering, density-based methods, or novelty detection algorithms. The choice of algorithm depends on the nature of the data and the type of anomalies expected. For instance, k-means clustering can be used to group similar data points, while DBSCAN can identify rare points that do not fit any cluster. 

4. Evaluation metrics: To assess the accuracy and effectiveness of the anomaly detection algorithms, appropriate evaluation metrics should be chosen. Common metrics include precision, recall, F1-score, and Area Under the Receiver Operating Characteristic Curve (AUROC). These metrics consider true positives, false positives, true negatives, and false negatives, providing insights into the algorithm's performance and its ability to minimize false positives.

5. Threshold determination: Anomaly detection algorithms typically rely on a threshold that determines which instances are classified as anomalies. Setting an appropriate threshold is crucial for achieving a balance between accuracy and minimizing false positives. The threshold can be determined based on statistical properties of the data or by optimizing a specific evaluation metric. Careful consideration should be given to the potential consequences of false positives and false negatives, as these decisions may vary depending on the application.

6. Iterative refinement: Anomaly detection is an iterative process that requires continuous improvement. Monitoring and analyzing the performance of the algorithm over time can help identify any changes in the dataset or newer anomalies that were previously undetected. By analyzing false positives and actively incorporating user feedback, the algorithm can be refined to improve accuracy and reduce false positives further.

In conclusion, leveraging unsupervised machine learning algorithms for anomaly detection in large, multi-dimensional datasets requires careful data preprocessing, appropriate algorithm selection, evaluation using relevant metrics, and iterative refinement. By following these steps, accuracy can be maximized, and false positives can be minimized, leading to more effective detection and classification of anomalous patterns."
